,event.id,team,opponent,results,outcome_code,win.pct,draw.pct,xP
0,11352250,Bournemouth,West Ham United,[ 0 -1 -1 ...  0 -1  0],[ 0 -1 -1 ...  0 -1  0],0.3321,0.3399,1.3361999999999998
1,11352250,West Ham United,Bournemouth,[0 1 1 ... 0 1 0],[0 1 1 ... 0 1 0],0.328,0.3399,1.3239
2,11352251,Arsenal,Nottingham Forest,[ 1  2  1 ... -1  2 -1],[ 1  1  1 ... -1  1 -1],0.5052,0.3207,1.8363
3,11352251,Nottingham Forest,Arsenal,[-1 -2 -1 ...  1 -2  1],[-1 -1 -1 ...  1 -1  1],0.1741,0.3207,0.843
4,11352252,Brighton & Hove Albion,Luton Town,[3 1 2 ... 0 2 2],[1 1 1 ... 0 1 1],0.9354,0.0527,2.8589
5,11352252,Luton Town,Brighton & Hove Albion,[-3 -1 -2 ...  0 -2 -2],[-1 -1 -1 ...  0 -1 -1],0.0119,0.0527,0.0884
6,11352253,Everton,Fulham,[2 4 2 ... 1 1 1],[1 1 1 ... 1 1 1],0.8119,0.1385,2.5742
7,11352253,Fulham,Everton,[-2 -4 -2 ... -1 -1 -1],[-1 -1 -1 ... -1 -1 -1],0.0496,0.1385,0.2873
8,11352254,Crystal Palace,Sheffield United,[1 3 2 ... 2 1 2],[1 1 1 ... 1 1 1],0.9415,0.0527,2.8772
9,11352254,Sheffield United,Crystal Palace,[-1 -3 -2 ... -2 -1 -2],[-1 -1 -1 ... -1 -1 -1],0.0058,0.0527,0.0701
10,11352255,Aston Villa,Newcastle United,[-2 -4 -4 ... -5 -4 -2],[-1 -1 -1 ... -1 -1 -1],0.0412,0.074,0.1976
11,11352255,Newcastle United,Aston Villa,[2 4 4 ... 5 4 2],[1 1 1 ... 1 1 1],0.8848,0.074,2.7283999999999997
12,11352303,Burnley,Manchester City,[-5 -1 -2 ... -5 -3 -2],[-1 -1 -1 ... -1 -1 -1],0.0018,0.0284,0.033800000000000004
13,11352303,Manchester City,Burnley,[5 1 2 ... 5 3 2],[1 1 1 ... 1 1 1],0.9698,0.0284,2.9377999999999997
14,11352304,Brentford,West Ham United,[3 0 0 ... 0 0 0],[1 0 0 ... 0 0 0],0.3908,0.327,1.4993999999999998
15,11352304,West Ham United,Brentford,[-3  0  0 ...  0  0  0],[-1  0  0 ...  0  0  0],0.2822,0.327,1.1736
16,11352305,Burnley,Crystal Palace,[ 1 -2 -1 ... -2  0  0],[ 1 -1 -1 ... -1  0  0],0.1171,0.2346,0.5859
17,11352305,Crystal Palace,Burnley,[-1  2  1 ...  2  0  0],[-1  1  1 ...  1  0  0],0.6483,0.2346,2.1795
18,11352306,Brighton & Hove Albion,Everton,[ 0  0 -1 ...  0 -1  0],[ 0  0 -1 ...  0 -1  0],0.274,0.3925,1.2145000000000001
19,11352306,Everton,Brighton & Hove Albion,[0 0 1 ... 0 1 0],[0 0 1 ... 0 1 0],0.3335,0.3925,1.3930000000000002
20,11352307,Fulham,Manchester United,[-1  0  0 ... -2 -1  0],[-1  0  0 ... -1 -1  0],0.1107,0.3186,0.6507000000000001
21,11352307,Manchester United,Fulham,[1 0 0 ... 2 1 0],[1 0 0 ... 1 1 0],0.5707,0.3186,2.0307
22,11352309,Brentford,Tottenham Hotspur,[2 3 2 ... 1 1 0],[1 1 1 ... 1 1 0],0.4711,0.257,1.6703000000000001
23,11352309,Tottenham Hotspur,Brentford,[-2 -3 -2 ... -1 -1  0],[-1 -1 -1 ... -1 -1  0],0.2719,0.257,1.0726999999999998
24,11352310,Liverpool,Luton Town,[ 0  1  1 ...  0  1 -2],[ 0  1  1 ...  0  1 -1],0.4552,0.3042,1.6698
25,11352310,Luton Town,Liverpool,[ 0 -1 -1 ...  0 -1  2],[ 0 -1 -1 ...  0 -1  1],0.2406,0.3042,1.026
26,11352312,Bournemouth,Manchester City,[-4 -2 -3 ... -2 -5 -1],[-1 -1 -1 ... -1 -1 -1],0.0056,0.0247,0.041499999999999995
27,11352312,Manchester City,Bournemouth,[4 2 3 ... 2 5 1],[1 1 1 ... 1 1 1],0.9697,0.0247,2.9338
28,11352314,Arsenal,Newcastle United,[-1 -3 -1 ... -1 -2 -1],[-1 -1 -1 ... -1 -1 -1],0.0365,0.1615,0.271
29,11352314,Newcastle United,Arsenal,[1 3 1 ... 1 2 1],[1 1 1 ... 1 1 1],0.802,0.1615,2.5675000000000003
30,11352316,Chelsea,Liverpool,[-1 -1  0 ...  0  1 -2],[-1 -1  0 ...  0  1 -1],0.2536,0.3153,1.0760999999999998
31,11352316,Liverpool,Chelsea,[ 1  1  0 ...  0 -1  2],[ 1  1  0 ...  0 -1  1],0.4311,0.3153,1.6086
32,11352317,Aston Villa,Nottingham Forest,[ 1 -1 -2 ... -1 -1 -1],[ 1 -1 -1 ... -1 -1 -1],0.1235,0.2962,0.6667000000000001
33,11352317,Nottingham Forest,Aston Villa,[-1  1  2 ...  1  1  1],[-1  1  1 ...  1  1  1],0.5803,0.2962,2.0371
34,11352320,Sheffield United,Wolverhampton,[-1  2  0 ...  1  0  0],[-1  1  0 ...  1  0  0],0.4496,0.3587,1.7075
35,11352320,Wolverhampton,Sheffield United,[ 1 -2  0 ... -1  0  0],[ 1 -1  0 ... -1  0  0],0.1917,0.3587,0.9338000000000001
36,11352323,Chelsea,Tottenham Hotspur,[1 0 2 ... 1 2 0],[1 0 1 ... 1 1 0],0.6095,0.298,2.1265
37,11352323,Tottenham Hotspur,Chelsea,[-1  0 -2 ... -1 -2  0],[-1  0 -1 ... -1 -1  0],0.0925,0.298,0.5754999999999999
38,11352326,Aston Villa,Fulham,[-1  2  4 ...  2  3  1],[-1  1  1 ...  1  1  1],0.8015,0.1397,2.5442
39,11352326,Fulham,Aston Villa,[ 1 -2 -4 ... -2 -3 -1],[ 1 -1 -1 ... -1 -1 -1],0.0588,0.1397,0.3161
40,11352327,Manchester United,Wolverhampton,[ 1 -1  1 ...  0 -1 -1],[ 1 -1  1 ...  0 -1 -1],0.2849,0.3043,1.159
41,11352327,Wolverhampton,Manchester United,[-1  1 -1 ...  0  1  1],[-1  1 -1 ...  0  1  1],0.4108,0.3043,1.5367
42,11352329,Brighton & Hove Albion,Sheffield United,[ 1 -2 -1 ... -1  0  0],[ 1 -1 -1 ... -1  0  0],0.2773,0.3898,1.2217
43,11352329,Sheffield United,Brighton & Hove Albion,[-1  2  1 ...  1  0  0],[-1  1  1 ...  1  0  0],0.3329,0.3898,1.3884999999999998
44,11352332,Chelsea,Manchester City,[ 2 -1  2 ...  1  1  3],[ 1 -1  1 ...  1  1  1],0.4436,0.24,1.5708
45,11352332,Manchester City,Chelsea,[-2  1 -2 ... -1 -1 -3],[-1  1 -1 ... -1 -1 -1],0.3164,0.24,1.1892
46,11352335,Crystal Palace,Everton,[ 1  2  0 ... -1  0  2],[ 1  1  0 ... -1  0  1],0.3752,0.3175,1.4430999999999998
47,11352335,Everton,Crystal Palace,[-1 -2  0 ...  1  0 -2],[-1 -1  0 ...  1  0 -1],0.3073,0.3175,1.2394
48,11352337,Aston Villa,Everton,[4 3 1 ... 5 2 2],[1 1 1 ... 1 1 1],0.948,0.0448,2.8888
49,11352337,Everton,Aston Villa,[-4 -3 -1 ... -5 -2 -2],[-1 -1 -1 ... -1 -1 -1],0.0072,0.0448,0.0664
50,11352339,Brentford,Liverpool,[-1 -2 -2 ... -2 -1 -1],[-1 -1 -1 ... -1 -1 -1],0.0599,0.1505,0.3302
51,11352339,Liverpool,Brentford,[1 2 2 ... 2 1 1],[1 1 1 ... 1 1 1],0.7896,0.1505,2.5193
52,11352341,Luton Town,Manchester United,[-4  0 -2 ... -2  0  1],[-1  0 -1 ... -1  0  1],0.0752,0.2021,0.4277
53,11352341,Manchester United,Luton Town,[ 4  0  2 ...  2  0 -1],[ 1  0  1 ...  1  0 -1],0.7227,0.2021,2.3702
54,11352345,Nottingham Forest,West Ham United,[ 0 -1  1 ... -1  0 -2],[ 0 -1  1 ... -1  0 -1],0.1784,0.2301,0.7653
55,11352345,West Ham United,Nottingham Forest,[ 0  1 -1 ...  1  0  2],[ 0  1 -1 ...  1  0  1],0.5915,0.2301,2.0046000000000004
56,11352346,Arsenal,Crystal Palace,[2 1 2 ... 1 1 1],[1 1 1 ... 1 1 1],0.6181,0.2824,2.1367
57,11352346,Crystal Palace,Arsenal,[-2 -1 -2 ... -1 -1 -1],[-1 -1 -1 ... -1 -1 -1],0.0995,0.2824,0.5809
58,11352349,Tottenham Hotspur,Wolverhampton,[-1 -1 -1 ... -2  1 -2],[-1 -1 -1 ... -1  1 -1],0.0745,0.3134,0.5368999999999999
59,11352349,Wolverhampton,Tottenham Hotspur,[ 1  1  1 ...  2 -1  2],[ 1  1  1 ...  1 -1  1],0.6121,0.3134,2.1497
60,11352350,Bournemouth,Newcastle United,[1 2 3 ... 1 2 1],[1 1 1 ... 1 1 1],0.8118,0.1519,2.5873
61,11352350,Newcastle United,Bournemouth,[-1 -2 -3 ... -1 -2 -1],[-1 -1 -1 ... -1 -1 -1],0.0363,0.1519,0.26080000000000003
62,11352353,Arsenal,Burnley,[ 2 -1  1 ...  1  2  2],[ 1 -1  1 ...  1  1  1],0.9006,0.0794,2.7812
63,11352353,Burnley,Arsenal,[-2  1 -1 ... -1 -2 -2],[-1  1 -1 ... -1 -1 -1],0.02,0.0794,0.1394
64,11352356,Arsenal,Brentford,[2 2 0 ... 1 1 2],[1 1 0 ... 1 1 1],0.6587,0.2438,2.2198999999999995
65,11352356,Brentford,Arsenal,[-2 -2  0 ... -1 -1 -2],[-1 -1  0 ... -1 -1 -1],0.0975,0.2438,0.5363
66,11352358,Brentford,Fulham,[4 4 2 ... 4 4 2],[1 1 1 ... 1 1 1],0.9878,0.0111,2.9745
67,11352358,Fulham,Brentford,[-4 -4 -2 ... -4 -4 -2],[-1 -1 -1 ... -1 -1 -1],0.0011,0.0111,0.0144
68,11352360,Burnley,West Ham United,[-1 -1 -1 ... -1 -1 -2],[-1 -1 -1 ... -1 -1 -1],0.1137,0.2753,0.6164
69,11352360,West Ham United,Burnley,[1 1 1 ... 1 1 2],[1 1 1 ... 1 1 1],0.611,0.2753,2.1083
70,11352363,Everton,Manchester United,[ 0  0  0 ... -2 -1 -3],[ 0  0  0 ... -1 -1 -1],0.1443,0.215,0.6479
71,11352363,Manchester United,Everton,[0 0 0 ... 2 1 3],[0 0 0 ... 1 1 1],0.6407,0.215,2.1371
72,11352366,Fulham,Wolverhampton,[2 1 2 ... 0 1 2],[1 1 1 ... 0 1 1],0.66,0.2376,2.2176
73,11352366,Wolverhampton,Fulham,[-2 -1 -2 ...  0 -1 -2],[-1 -1 -1 ...  0 -1 -1],0.1024,0.2376,0.5448000000000001
74,11352367,Bournemouth,Liverpool,[-3  0 -2 ...  0 -3 -3],[-1  0 -1 ...  0 -1 -1],0.0451,0.1072,0.2425
75,11352367,Liverpool,Bournemouth,[3 0 2 ... 0 3 3],[1 0 1 ... 0 1 1],0.8477,0.1072,2.6503
76,11352370,Crystal Palace,Luton Town,[ 0  0  1 ... -1 -1  0],[ 0  0  1 ... -1 -1  0],0.2797,0.2857,1.1248
77,11352370,Luton Town,Crystal Palace,[ 0  0 -1 ...  1  1  0],[ 0  0 -1 ...  1  1  0],0.4346,0.2857,1.5895
78,11352373,Liverpool,Manchester City,[-1 -1 -1 ...  1  0 -2],[-1 -1 -1 ...  1  0 -1],0.0763,0.2354,0.46430000000000005
79,11352373,Manchester City,Liverpool,[ 1  1  1 ... -1  0  2],[ 1  1  1 ... -1  0  1],0.6883,0.2354,2.3003
80,11352375,Chelsea,Newcastle United,[-2 -3 -3 ... -3 -2 -1],[-1 -1 -1 ... -1 -1 -1],0.0192,0.0786,0.1362
81,11352375,Newcastle United,Chelsea,[2 3 3 ... 3 2 1],[1 1 1 ... 1 1 1],0.9022,0.0786,2.7851999999999997
82,11352379,Brighton & Hove Albion,Nottingham Forest,[-1  2  0 ...  1  0  1],[-1  1  0 ...  1  0  1],0.5104,0.2784,1.8095999999999999
83,11352379,Nottingham Forest,Brighton & Hove Albion,[ 1 -2  0 ... -1  0 -1],[ 1 -1  0 ... -1  0 -1],0.2112,0.2784,0.9119999999999999
84,11352382,Bournemouth,Sheffield United,[3 4 4 ... 2 2 5],[1 1 1 ... 1 1 1],0.876,0.0938,2.7218
85,11352382,Sheffield United,Bournemouth,[-3 -4 -4 ... -2 -2 -5],[-1 -1 -1 ... -1 -1 -1],0.0302,0.0938,0.1844
86,11352385,Aston Villa,Tottenham Hotspur,[-2  0  1 ...  0 -1  2],[-1  0  1 ...  0 -1  1],0.3983,0.2697,1.4646000000000001
87,11352385,Tottenham Hotspur,Aston Villa,[ 2  0 -1 ...  0  1 -2],[ 1  0 -1 ...  0  1 -1],0.332,0.2697,1.2657
88,11352388,Aston Villa,Bournemouth,[-3 -3  0 ... -2 -1  0],[-1 -1  0 ... -1 -1  0],0.0494,0.1275,0.2757
89,11352388,Bournemouth,Aston Villa,[3 3 0 ... 2 1 0],[1 1 0 ... 1 1 0],0.8231,0.1275,2.5968
90,11352389,Manchester City,Newcastle United,[ 2  2 -1 ...  1  2  1],[ 1  1 -1 ...  1  1  1],0.7406,0.2379,2.4596999999999998
91,11352389,Newcastle United,Manchester City,[-2 -2  1 ... -1 -2 -1],[-1 -1  1 ... -1 -1 -1],0.0215,0.2379,0.3024
92,11352391,Arsenal,Wolverhampton,[ 2  0 -1 ...  2  2  2],[ 1  0 -1 ...  1  1  1],0.9239,0.0643,2.836
93,11352391,Wolverhampton,Arsenal,[-2  0  1 ... -2 -2 -2],[-1  0  1 ... -1 -1 -1],0.0118,0.0643,0.0997
94,11352393,Brentford,Luton Town,[3 2 1 ... 2 2 3],[1 1 1 ... 1 1 1],0.9668,0.0302,2.9305999999999996
95,11352393,Luton Town,Brentford,[-3 -2 -1 ... -2 -2 -3],[-1 -1 -1 ... -1 -1 -1],0.003,0.0302,0.0392
96,11352396,Burnley,Sheffield United,[2 4 2 ... 4 5 4],[1 1 1 ... 1 1 1],0.9573,0.0379,2.9098
97,11352396,Sheffield United,Burnley,[-2 -4 -2 ... -4 -5 -4],[-1 -1 -1 ... -1 -1 -1],0.0048,0.0379,0.0523
98,11352399,Nottingham Forest,Sheffield United,[ 2 -1  1 ...  2  0  2],[ 1 -1  1 ...  1  0  1],0.6122,0.2571,2.0936999999999997
99,11352399,Sheffield United,Nottingham Forest,[-2  1 -1 ... -2  0 -2],[-1  1 -1 ... -1  0 -1],0.1307,0.2571,0.6492
100,11352400,Brighton & Hove Albion,Chelsea,[ 0  0 -1 ...  0  2  0],[ 0  0 -1 ...  0  1  0],0.2585,0.2603,1.0358
101,11352400,Chelsea,Brighton & Hove Albion,[ 0  0  1 ...  0 -2  0],[ 0  0  1 ...  0 -1  0],0.4812,0.2603,1.7039
102,11352404,Fulham,Liverpool,[ 0  0 -1 ... -1  1 -3],[ 0  0 -1 ... -1  1 -1],0.2302,0.2485,0.9391
103,11352404,Liverpool,Fulham,[ 0  0  1 ...  1 -1  3],[ 0  0  1 ...  1 -1  1],0.5213,0.2485,1.8123999999999998
104,11352405,Manchester City,Tottenham Hotspur,[-1  1  3 ...  3  1  1],[-1  1  1 ...  1  1  1],0.6936,0.2057,2.2865
105,11352405,Tottenham Hotspur,Manchester City,[ 1 -1 -3 ... -3 -1 -1],[ 1 -1 -1 ... -1 -1 -1],0.1007,0.2057,0.5078
106,11352407,Manchester United,Tottenham Hotspur,[-2 -1 -1 ... -1 -3 -1],[-1 -1 -1 ... -1 -1 -1],0.0397,0.1253,0.2444
107,11352407,Tottenham Hotspur,Manchester United,[2 1 1 ... 1 3 1],[1 1 1 ... 1 1 1],0.835,0.1253,2.6303
108,11352408,Manchester United,Newcastle United,[-1  0 -1 ... -2 -1  0],[-1  0 -1 ... -1 -1  0],0.0347,0.1833,0.2874
109,11352408,Newcastle United,Manchester United,[1 0 1 ... 2 1 0],[1 0 1 ... 1 1 0],0.782,0.1833,2.5293
110,11352411,Everton,Nottingham Forest,[0 0 0 ... 1 2 0],[0 0 0 ... 1 1 0],0.4226,0.385,1.6527999999999998
111,11352411,Nottingham Forest,Everton,[ 0  0  0 ... -1 -2  0],[ 0  0  0 ... -1 -1  0],0.1924,0.385,0.9621999999999999
112,11352414,Crystal Palace,West Ham United,[ 0 -1 -1 ... -2  0  0],[ 0 -1 -1 ... -1  0  0],0.3393,0.3847,1.4026
113,11352414,West Ham United,Crystal Palace,[0 1 1 ... 2 0 0],[0 1 1 ... 1 0 0],0.276,0.3847,1.2127000000000001
114,11352418,Chelsea,West Ham United,[ 0  0 -1 ... -2 -2 -2],[ 0  0 -1 ... -1 -1 -1],0.1176,0.1799,0.5327
115,11352418,West Ham United,Chelsea,[0 0 1 ... 2 2 2],[0 0 1 ... 1 1 1],0.7025,0.1799,2.2874
116,11352428,Brighton & Hove Albion,Wolverhampton,[0 0 0 ... 3 0 0],[0 0 0 ... 1 0 0],0.652,0.2063,2.1623
117,11352428,Wolverhampton,Brighton & Hove Albion,[ 0  0  0 ... -3  0  0],[ 0  0  0 ... -1  0  0],0.1417,0.2063,0.6314
118,11352437,Bournemouth,Tottenham Hotspur,[-4 -2 -2 ... -3 -3 -2],[-1 -1 -1 ... -1 -1 -1],0.0314,0.1182,0.21239999999999998
119,11352437,Tottenham Hotspur,Bournemouth,[4 2 2 ... 3 3 2],[1 1 1 ... 1 1 1],0.8504,0.1182,2.6694
120,11352447,Arsenal,Fulham,[0 4 0 ... 0 0 2],[0 1 0 ... 0 0 1],0.7873,0.1607,2.5225999999999997
121,11352447,Fulham,Arsenal,[ 0 -4  0 ...  0  0 -2],[ 0 -1  0 ...  0  0 -1],0.052,0.1607,0.3167
122,11352456,Brentford,Crystal Palace,[-2 -1  2 ...  1  0 -1],[-1 -1  1 ...  1  0 -1],0.2115,0.356,0.9904999999999999
123,11352456,Crystal Palace,Brentford,[ 2  1 -2 ... -1  0  1],[ 1  1 -1 ... -1  0  1],0.4325,0.356,1.6534999999999997
124,11352466,Brighton & Hove Albion,West Ham United,[-2  1 -1 ... -1 -4 -1],[-1  1 -1 ... -1 -1 -1],0.1629,0.1917,0.6804
125,11352466,West Ham United,Brighton & Hove Albion,[ 2 -1  1 ...  1  4  1],[ 1 -1  1 ...  1  1  1],0.6454,0.1917,2.1279
126,11352475,Aston Villa,Burnley,[2 2 2 ... 2 2 2],[1 1 1 ... 1 1 1],0.8843,0.0922,2.7451
127,11352475,Burnley,Aston Villa,[-2 -2 -2 ... -2 -2 -2],[-1 -1 -1 ... -1 -1 -1],0.0235,0.0922,0.1627
128,11352484,Chelsea,Luton Town,[2 3 3 ... 2 3 3],[1 1 1 ... 1 1 1],0.9665,0.0299,2.9294000000000002
129,11352484,Luton Town,Chelsea,[-2 -3 -3 ... -2 -3 -3],[-1 -1 -1 ... -1 -1 -1],0.0036,0.0299,0.0407
130,11352495,Everton,Wolverhampton,[ 2 -1  0 ... -1  0 -1],[ 1 -1  0 ... -1  0 -1],0.2959,0.3584,1.2461
131,11352495,Wolverhampton,Everton,[-2  1  0 ...  1  0  1],[-1  1  0 ...  1  0  1],0.3457,0.3584,1.3955000000000002
132,11352504,Manchester United,Nottingham Forest,[1 1 0 ... 1 1 0],[1 1 0 ... 1 1 0],0.7038,0.2256,2.3369999999999997
133,11352504,Nottingham Forest,Manchester United,[-1 -1  0 ... -1 -1  0],[-1 -1  0 ... -1 -1  0],0.0706,0.2256,0.4374
134,11352515,Liverpool,Newcastle United,[-1  1  1 ... -1 -1  1],[-1  1  1 ... -1 -1  1],0.372,0.2901,1.4061000000000001
135,11352515,Newcastle United,Liverpool,[ 1 -1 -1 ...  1  1 -1],[ 1 -1 -1 ...  1  1 -1],0.3379,0.2901,1.3038
136,11352524,Manchester City,Sheffield United,[0 2 4 ... 3 1 1],[0 1 1 ... 1 1 1],0.8488,0.119,2.6654
137,11352524,Sheffield United,Manchester City,[ 0 -2 -4 ... -3 -1 -1],[ 0 -1 -1 ... -1 -1 -1],0.0322,0.119,0.21559999999999999
138,11352534,Arsenal,Manchester United,[0 3 2 ... 1 2 1],[0 1 1 ... 1 1 1],0.7794,0.1684,2.5066
139,11352534,Manchester United,Arsenal,[ 0 -3 -2 ... -1 -2 -1],[ 0 -1 -1 ... -1 -1 -1],0.0522,0.1684,0.325
140,11352543,Bournemouth,Brentford,[ 1  3  0 ...  0 -3  0],[ 1  1  0 ...  0 -1  0],0.3044,0.2472,1.1604
141,11352543,Brentford,Bournemouth,[-1 -3  0 ...  0  3  0],[-1 -1  0 ...  0  1  0],0.4484,0.2472,1.5924000000000003
142,11352551,Brighton & Hove Albion,Newcastle United,[-1  1  0 ...  2  0  1],[-1  1  0 ...  1  0  1],0.5068,0.32,1.8404
143,11352551,Newcastle United,Brighton & Hove Albion,[ 1 -1  0 ... -2  0 -1],[ 1 -1  0 ... -1  0 -1],0.1732,0.32,0.8395999999999999
144,11352561,Burnley,Tottenham Hotspur,[-1 -4  1 ... -3 -2 -3],[-1 -1  1 ... -1 -1 -1],0.0959,0.1508,0.4385
145,11352561,Tottenham Hotspur,Burnley,[ 1  4 -1 ...  3  2  3],[ 1  1 -1 ...  1  1  1],0.7533,0.1508,2.4107
146,11352570,Chelsea,Nottingham Forest,[ 1 -1  0 ...  1 -1  1],[ 1 -1  0 ...  1 -1  1],0.4939,0.2891,1.7708
147,11352570,Nottingham Forest,Chelsea,[-1  1  0 ... -1  1 -1],[-1  1  0 ... -1  1 -1],0.217,0.2891,0.9401
148,11352578,Crystal Palace,Wolverhampton,[ 1  2  0 ...  2  1 -1],[ 1  1  0 ...  1  1 -1],0.7062,0.2027,2.3213000000000004
149,11352578,Wolverhampton,Crystal Palace,[-1 -2  0 ... -2 -1  1],[-1 -1  0 ... -1 -1  1],0.0911,0.2027,0.476
150,11352584,Aston Villa,Liverpool,[-1 -2 -3 ... -2 -2 -1],[-1 -1 -1 ... -1 -1 -1],0.0143,0.0563,0.09920000000000001
151,11352584,Liverpool,Aston Villa,[1 2 3 ... 2 2 1],[1 1 1 ... 1 1 1],0.9294,0.0563,2.8444999999999996
152,11352590,Luton Town,West Ham United,[-2  0  1 ... -1 -4  1],[-1  0  1 ... -1 -1  1],0.2291,0.3196,1.0069
153,11352590,West Ham United,Luton Town,[ 2  0 -1 ...  1  4 -1],[ 1  0 -1 ...  1  1 -1],0.4513,0.3196,1.6734999999999998
154,11352594,Fulham,Manchester City,[-3 -2 -3 ... -2 -1 -1],[-1 -1 -1 ... -1 -1 -1],0.0122,0.0512,0.0878
155,11352594,Manchester City,Fulham,[3 2 3 ... 2 1 1],[1 1 1 ... 1 1 1],0.9366,0.0512,2.861
156,11352597,Everton,Sheffield United,[3 1 1 ... 0 2 0],[1 1 1 ... 0 1 0],0.604,0.2421,2.0541
157,11352597,Sheffield United,Everton,[-3 -1 -1 ...  0 -2  0],[-1 -1 -1 ...  0 -1  0],0.1539,0.2421,0.7038
158,11352600,Bournemouth,Chelsea,[ 0  0  1 ... -1 -3  0],[ 0  0  1 ... -1 -1  0],0.1956,0.2775,0.8643000000000001
159,11352600,Chelsea,Bournemouth,[ 0  0 -1 ...  1  3  0],[ 0  0 -1 ...  1  1  0],0.5269,0.2775,1.8582000000000003
160,11352602,Aston Villa,Crystal Palace,[2 2 1 ... 1 3 0],[1 1 1 ... 1 1 0],0.699,0.2153,2.3123
161,11352602,Crystal Palace,Aston Villa,[-2 -2 -1 ... -1 -3  0],[-1 -1 -1 ... -1 -1  0],0.0857,0.2153,0.4724
162,11352605,Arsenal,Everton,[0 1 2 ... 2 2 1],[0 1 1 ... 1 1 1],0.6783,0.2816,2.3165
163,11352605,Everton,Arsenal,[ 0 -1 -2 ... -2 -2 -1],[ 0 -1 -1 ... -1 -1 -1],0.0401,0.2816,0.40190000000000003
164,11352608,Fulham,Luton Town,[ 1  0 -1 ... -1  0  1],[ 1  0 -1 ... -1  0  1],0.5332,0.3382,1.9378000000000002
165,11352608,Luton Town,Fulham,[-1  0  1 ...  1  0 -1],[-1  0  1 ...  1  0 -1],0.1286,0.3382,0.724
166,11352611,Brighton & Hove Albion,Manchester United,[ 1 -1  0 ...  0  1  2],[ 1 -1  0 ...  0  1  1],0.7008,0.2023,2.3047
167,11352611,Manchester United,Brighton & Hove Albion,[-1  1  0 ...  0 -1 -2],[-1  1  0 ...  0 -1 -1],0.0969,0.2023,0.493
168,11352615,Brentford,Newcastle United,[ 0  1 -1 ... -2 -1  1],[ 0  1 -1 ... -1 -1  1],0.0578,0.2545,0.4279
169,11352615,Newcastle United,Brentford,[ 0 -1  1 ...  2  1 -1],[ 0 -1  1 ...  1  1 -1],0.6877,0.2545,2.3176
170,11352618,Burnley,Nottingham Forest,[0 0 0 ... 1 0 2],[0 0 0 ... 1 0 1],0.5775,0.3276,2.0601
171,11352618,Nottingham Forest,Burnley,[ 0  0  0 ... -1  0 -2],[ 0  0  0 ... -1  0 -1],0.0949,0.3276,0.6123000000000001
172,11352621,Sheffield United,Tottenham Hotspur,[-2 -2 -2 ... -3 -1  0],[-1 -1 -1 ... -1 -1  0],0.2509,0.2517,1.0044
173,11352621,Tottenham Hotspur,Sheffield United,[2 2 2 ... 3 1 0],[1 1 1 ... 1 1 0],0.4974,0.2517,1.7439
174,11352625,Manchester City,West Ham United,[1 2 3 ... 2 3 3],[1 1 1 ... 1 1 1],0.8521,0.1116,2.6679
175,11352625,West Ham United,Manchester City,[-1 -2 -3 ... -2 -3 -3],[-1 -1 -1 ... -1 -1 -1],0.0363,0.1116,0.2205
176,11352626,Liverpool,Wolverhampton,[2 2 2 ... 2 1 0],[1 1 1 ... 1 1 0],0.9299,0.0567,2.8464
177,11352626,Wolverhampton,Liverpool,[-2 -2 -2 ... -2 -1  0],[-1 -1 -1 ... -1 -1  0],0.0134,0.0567,0.0969
178,11352627,Arsenal,Tottenham Hotspur,[ 0  0  1 ...  1  2 -1],[ 0  0  1 ...  1  1 -1],0.2996,0.3132,1.212
179,11352627,Tottenham Hotspur,Arsenal,[ 0  0 -1 ... -1 -2  1],[ 0  0 -1 ... -1 -1  1],0.3872,0.3132,1.4747999999999999
180,11352628,Brentford,Everton,[-1 -1 -1 ... -1 -3 -1],[-1 -1 -1 ... -1 -1 -1],0.0414,0.1079,0.2321
181,11352628,Everton,Brentford,[1 1 1 ... 1 3 1],[1 1 1 ... 1 1 1],0.8507,0.1079,2.66
182,11352629,Bournemouth,Brighton & Hove Albion,[-2 -3 -3 ... -3  0 -3],[-1 -1 -1 ... -1  0 -1],0.015,0.07,0.115
183,11352629,Brighton & Hove Albion,Bournemouth,[2 3 3 ... 3 0 3],[1 1 1 ... 1 0 1],0.915,0.07,2.815
184,11352630,Burnley,Manchester United,[ 1 -1 -2 ...  0  1  1],[ 1 -1 -1 ...  0  1  1],0.236,0.3527,1.0607
185,11352630,Manchester United,Burnley,[-1  1  2 ...  0 -1 -1],[-1  1  1 ...  0 -1 -1],0.4113,0.3527,1.5866
186,11352631,Aston Villa,Chelsea,[1 3 0 ... 2 0 2],[1 1 0 ... 1 0 1],0.61,0.2596,2.0896
187,11352631,Chelsea,Aston Villa,[-1 -3  0 ... -2  0 -2],[-1 -1  0 ... -1  0 -1],0.1304,0.2596,0.6508
188,11352632,Crystal Palace,Fulham,[-1  0  0 ...  1  0  0],[-1  0  0 ...  1  0  0],0.2205,0.4961,1.1576
189,11352632,Fulham,Crystal Palace,[ 1  0  0 ... -1  0  0],[ 1  0  0 ... -1  0  0],0.2834,0.4961,1.3462999999999998
190,11352633,Liverpool,West Ham United,[2 3 0 ... 0 2 1],[1 1 0 ... 0 1 1],0.7059,0.1814,2.2991
191,11352633,West Ham United,Liverpool,[-2 -3  0 ...  0 -2 -1],[-1 -1  0 ...  0 -1 -1],0.1127,0.1814,0.5195
192,11352634,Luton Town,Wolverhampton,[1 0 0 ... 1 0 1],[1 0 0 ... 1 0 1],0.7244,0.2265,2.3997
193,11352634,Wolverhampton,Luton Town,[-1  0  0 ... -1  0 -1],[-1  0  0 ... -1  0 -1],0.0491,0.2265,0.3738
194,11352635,Manchester City,Nottingham Forest,[ 0  1  2 ...  1  1 -1],[ 0  1  1 ...  1  1 -1],0.5735,0.3179,2.0383999999999998
195,11352635,Nottingham Forest,Manchester City,[ 0 -1 -2 ... -1 -1  1],[ 0 -1 -1 ... -1 -1  1],0.1086,0.3179,0.6436999999999999
196,11352636,Newcastle United,Sheffield United,[5 6 1 ... 7 4 6],[1 1 1 ... 1 1 1],0.9995,0.0004,2.9989
197,11352636,Sheffield United,Newcastle United,[-5 -6 -1 ... -7 -4 -6],[-1 -1 -1 ... -1 -1 -1],0.0001,0.0004,0.0007000000000000001
198,11352637,Arsenal,Bournemouth,[5 4 3 ... 4 3 2],[1 1 1 ... 1 1 1],0.9796,0.018,2.9568
199,11352637,Bournemouth,Arsenal,[-5 -4 -3 ... -4 -3 -2],[-1 -1 -1 ... -1 -1 -1],0.0024,0.018,0.0252
200,11352638,Aston Villa,Brighton & Hove Albion,[4 5 4 ... 2 5 3],[1 1 1 ... 1 1 1],0.981,0.0169,2.9599
201,11352638,Brighton & Hove Albion,Aston Villa,[-4 -5 -4 ... -2 -5 -3],[-1 -1 -1 ... -1 -1 -1],0.0021,0.0169,0.0232
202,11352639,Everton,Luton Town,[1 2 1 ... 1 3 2],[1 1 1 ... 1 1 1],0.702,0.2125,2.3185
203,11352639,Luton Town,Everton,[-1 -2 -1 ... -1 -3 -2],[-1 -1 -1 ... -1 -1 -1],0.0855,0.2125,0.469
204,11352640,Chelsea,Fulham,[1 2 1 ... 0 0 1],[1 1 1 ... 0 0 1],0.5625,0.2985,1.986
205,11352640,Fulham,Chelsea,[-1 -2 -1 ...  0  0 -1],[-1 -1 -1 ...  0  0 -1],0.139,0.2985,0.7155
206,11352641,Crystal Palace,Manchester United,[0 1 1 ... 1 1 1],[0 1 1 ... 1 1 1],0.4198,0.3683,1.6277000000000001
207,11352641,Manchester United,Crystal Palace,[ 0 -1 -1 ... -1 -1 -1],[ 0 -1 -1 ... -1 -1 -1],0.2119,0.3683,1.004
208,11352642,Burnley,Newcastle United,[-3 -2 -1 ... -2 -3 -5],[-1 -1 -1 ... -1 -1 -1],0.0103,0.0654,0.0963
209,11352642,Newcastle United,Burnley,[3 2 1 ... 2 3 5],[1 1 1 ... 1 1 1],0.9243,0.0654,2.8383
210,11352643,Brentford,Nottingham Forest,[ 1 -1  0 ...  0 -1  1],[ 1 -1  0 ...  0 -1  1],0.5992,0.2779,2.0755
211,11352643,Nottingham Forest,Brentford,[-1  1  0 ...  0  1 -1],[-1  1  0 ...  0  1 -1],0.1229,0.2779,0.6466
212,11352644,Liverpool,Tottenham Hotspur,[-2 -1  0 ... -3 -1 -1],[-1 -1  0 ... -1 -1 -1],0.1623,0.2427,0.7296
213,11352644,Tottenham Hotspur,Liverpool,[2 1 0 ... 3 1 1],[1 1 0 ... 1 1 1],0.595,0.2427,2.0277
214,11352645,Sheffield United,West Ham United,[-2 -1 -1 ... -1 -2 -1],[-1 -1 -1 ... -1 -1 -1],0.0927,0.1989,0.477
215,11352645,West Ham United,Sheffield United,[2 1 1 ... 1 2 1],[1 1 1 ... 1 1 1],0.7084,0.1989,2.3241
216,11352646,Manchester City,Wolverhampton,[0 0 0 ... 0 0 0],[0 0 0 ... 0 0 0],0.5526,0.434,2.0918
217,11352646,Wolverhampton,Manchester City,[0 0 0 ... 0 0 0],[0 0 0 ... 0 0 0],0.0134,0.434,0.4742
218,11352647,Arsenal,Manchester City,[1 0 1 ... 1 0 0],[1 0 1 ... 1 0 0],0.5207,0.4324,1.9945
219,11352647,Manchester City,Arsenal,[-1  0 -1 ... -1  0  0],[-1  0 -1 ... -1  0  0],0.0469,0.4324,0.5730999999999999
220,11352648,Brighton & Hove Albion,Liverpool,[ 0 -1 -1 ... -2  2  0],[ 0 -1 -1 ... -1  1  0],0.2173,0.3296,0.9814999999999999
221,11352648,Liverpool,Brighton & Hove Albion,[ 0  1  1 ...  2 -2  0],[ 0  1  1 ...  1 -1  0],0.4531,0.3296,1.6888999999999998
222,11352649,Burnley,Chelsea,[0 1 0 ... 0 1 1],[0 1 0 ... 0 1 1],0.2122,0.5635,1.2001
223,11352649,Chelsea,Burnley,[ 0 -1  0 ...  0 -1 -1],[ 0 -1  0 ...  0 -1 -1],0.2243,0.5635,1.2364000000000002
224,11352650,Crystal Palace,Nottingham Forest,[-1  0 -1 ... -3 -1  1],[-1  0 -1 ... -1 -1  1],0.1211,0.3978,0.7611
225,11352650,Nottingham Forest,Crystal Palace,[ 1  0  1 ...  3  1 -1],[ 1  0  1 ...  1  1 -1],0.4811,0.3978,1.8411
226,11352651,Bournemouth,Everton,[-2 -1 -1 ... -1 -1  0],[-1 -1 -1 ... -1 -1  0],0.055,0.1295,0.2945
227,11352651,Everton,Bournemouth,[2 1 1 ... 1 1 0],[1 1 1 ... 1 1 0],0.8155,0.1295,2.576
228,11352652,Fulham,Sheffield United,[1 3 2 ... 1 3 2],[1 1 1 ... 1 1 1],0.8272,0.1425,2.6241000000000003
229,11352652,Sheffield United,Fulham,[-1 -3 -2 ... -1 -3 -2],[-1 -1 -1 ... -1 -1 -1],0.0303,0.1425,0.2334
230,11352653,Luton Town,Tottenham Hotspur,[-2 -2 -2 ... -1 -1 -1],[-1 -1 -1 ... -1 -1 -1],0.0499,0.2055,0.35519999999999996
231,11352653,Tottenham Hotspur,Luton Town,[2 2 2 ... 1 1 1],[1 1 1 ... 1 1 1],0.7446,0.2055,2.4393
232,11352654,Brentford,Manchester United,[-1  1  0 ...  0 -2 -2],[-1  1  0 ...  0 -1 -1],0.1403,0.3997,0.8206
233,11352654,Manchester United,Brentford,[ 1 -1  0 ...  0  2  2],[ 1 -1  0 ...  0  1  1],0.46,0.3997,1.7797
234,11352655,Newcastle United,West Ham United,[ 2 -2 -1 ...  1 -2  1],[ 1 -1 -1 ...  1 -1  1],0.5408,0.3144,1.9367999999999999
235,11352655,West Ham United,Newcastle United,[-2  2  1 ... -1  2 -1],[-1  1  1 ... -1  1 -1],0.1448,0.3144,0.7488
236,11352656,Aston Villa,Wolverhampton,[ 2  0  1 ...  1  1 -1],[ 1  0  1 ...  1  1 -1],0.5858,0.2537,2.0111
237,11352656,Wolverhampton,Aston Villa,[-2  0 -1 ... -1 -1  1],[-1  0 -1 ... -1 -1  1],0.1605,0.2537,0.7352000000000001
238,11352657,Bournemouth,Wolverhampton,[-1  0 -1 ...  1 -1 -1],[-1  0 -1 ...  1 -1 -1],0.1189,0.251,0.6077
239,11352657,Wolverhampton,Bournemouth,[ 1  0  1 ... -1  1  1],[ 1  0  1 ... -1  1  1],0.6301,0.251,2.1412999999999998
240,11352658,Aston Villa,West Ham United,[3 3 1 ... 0 4 3],[1 1 1 ... 0 1 1],0.8548,0.1029,2.6673
241,11352658,West Ham United,Aston Villa,[-3 -3 -1 ...  0 -4 -3],[-1 -1 -1 ...  0 -1 -1],0.0423,0.1029,0.2298
242,11352660,Brentford,Burnley,[3 2 5 ... 2 1 2],[1 1 1 ... 1 1 1],0.944,0.048,2.88
243,11352660,Burnley,Brentford,[-3 -2 -5 ... -2 -1 -2],[-1 -1 -1 ... -1 -1 -1],0.008,0.048,0.07200000000000001
244,11352661,Arsenal,Chelsea,[ 2  1  0 ... -1 -2 -1],[ 1  1  0 ... -1 -1 -1],0.1508,0.2852,0.7376
245,11352661,Chelsea,Arsenal,[-2 -1  0 ...  1  2  1],[-1 -1  0 ...  1  1  1],0.564,0.2852,1.9771999999999998
246,11352662,Everton,Liverpool,[-2 -2 -2 ... -1 -2 -2],[-1 -1 -1 ... -1 -1 -1],0.014,0.0939,0.1359
247,11352662,Liverpool,Everton,[2 2 2 ... 1 2 2],[1 1 1 ... 1 1 1],0.8921,0.0939,2.7702
248,11352663,Brighton & Hove Albion,Manchester City,[-1  0  1 ... -3  0  1],[-1  0  1 ... -1  0  1],0.186,0.3653,0.9233
249,11352663,Manchester City,Brighton & Hove Albion,[ 1  0 -1 ...  3  0 -1],[ 1  0 -1 ...  1  0 -1],0.4487,0.3653,1.7113999999999998
250,11352664,Crystal Palace,Newcastle United,[-4 -4 -1 ... -1 -2 -3],[-1 -1 -1 ... -1 -1 -1],0.0547,0.109,0.2731
251,11352664,Newcastle United,Crystal Palace,[4 4 1 ... 1 2 3],[1 1 1 ... 1 1 1],0.8363,0.109,2.6179
252,11352665,Luton Town,Nottingham Forest,[ 0 -1 -1 ... -2  0 -1],[ 0 -1 -1 ... -1  0 -1],0.183,0.222,0.7709999999999999
253,11352665,Nottingham Forest,Luton Town,[0 1 1 ... 2 0 1],[0 1 1 ... 1 0 1],0.595,0.222,2.007
254,11352666,Manchester United,Sheffield United,[ 4  0  1 ...  3 -1  0],[ 1  0  1 ...  1 -1  0],0.5717,0.2397,1.9548
255,11352666,Sheffield United,Manchester United,[-4  0 -1 ... -3  1  0],[-1  0 -1 ... -1  1  0],0.1886,0.2397,0.8055
256,11352667,Fulham,Tottenham Hotspur,[-4  0 -2 ...  0 -2  0],[-1  0 -1 ...  0 -1  0],0.0415,0.1346,0.2591
257,11352667,Tottenham Hotspur,Fulham,[4 0 2 ... 0 2 0],[1 0 1 ... 0 1 0],0.8239,0.1346,2.6062999999999996
258,11352668,Bournemouth,Burnley,[-1  1 -1 ... -2  2  0],[-1  1 -1 ... -1  1  0],0.3451,0.3311,1.3664
259,11352668,Burnley,Bournemouth,[ 1 -1  1 ...  2 -2  0],[ 1 -1  1 ...  1 -1  0],0.3238,0.3311,1.3025
260,11352669,Arsenal,Sheffield United,[4 3 6 ... 0 5 3],[1 1 1 ... 0 1 1],0.999,0.001,2.9979999999999998
261,11352669,Sheffield United,Arsenal,[-4 -3 -6 ...  0 -5 -3],[-1 -1 -1 ...  0 -1 -1],0.0,0.001,0.001
262,11352670,Aston Villa,Luton Town,[2 4 2 ... 2 3 4],[1 1 1 ... 1 1 1],0.9803,0.0172,2.9581
263,11352670,Luton Town,Aston Villa,[-2 -4 -2 ... -2 -3 -4],[-1 -1 -1 ... -1 -1 -1],0.0025,0.0172,0.0247
264,11352671,Brighton & Hove Albion,Fulham,[ 0  0  1 ... -1  0 -1],[ 0  0  1 ... -1  0 -1],0.5648,0.2822,1.9766
265,11352671,Fulham,Brighton & Hove Albion,[ 0  0 -1 ...  1  0  1],[ 0  0 -1 ...  1  0  1],0.153,0.2822,0.7412
266,11352672,Brentford,Chelsea,[ 1  0  1 ...  0 -2 -1],[ 1  0  1 ...  0 -1 -1],0.5674,0.2503,1.9525
267,11352672,Chelsea,Brentford,[-1  0 -1 ...  0  2  1],[-1  0 -1 ...  0  1  1],0.1823,0.2503,0.7971999999999999
268,11352673,Crystal Palace,Tottenham Hotspur,[ 0  1  0 ...  1 -1  0],[ 0  1  0 ...  1 -1  0],0.1356,0.2617,0.6685
269,11352673,Tottenham Hotspur,Crystal Palace,[ 0 -1  0 ... -1  1  0],[ 0 -1  0 ... -1  1  0],0.6027,0.2617,2.0698
270,11352674,Liverpool,Nottingham Forest,[3 2 3 ... 0 1 5],[1 1 1 ... 0 1 1],0.9447,0.0484,2.8825
271,11352674,Nottingham Forest,Liverpool,[-3 -2 -3 ...  0 -1 -5],[-1 -1 -1 ...  0 -1 -1],0.0069,0.0484,0.0691
272,11352675,Manchester City,Manchester United,[2 2 0 ... 0 1 0],[1 1 0 ... 0 1 0],0.5907,0.3211,2.0932
273,11352675,Manchester United,Manchester City,[-2 -2  0 ...  0 -1  0],[-1 -1  0 ...  0 -1  0],0.0882,0.3211,0.5857
274,11352676,Everton,West Ham United,[-1  0  2 ...  3  1  0],[-1  0  1 ...  1  1  0],0.4932,0.3384,1.818
275,11352676,West Ham United,Everton,[ 1  0 -2 ... -3 -1  0],[ 1  0 -1 ... -1 -1  0],0.1684,0.3384,0.8435999999999999
276,11352677,Newcastle United,Wolverhampton,[0 2 1 ... 0 0 1],[0 1 1 ... 0 0 1],0.4341,0.3069,1.6092
277,11352677,Wolverhampton,Newcastle United,[ 0 -2 -1 ...  0  0 -1],[ 0 -1 -1 ...  0  0 -1],0.259,0.3069,1.0839
